{"cameraMode":{"drawMode":0,"name":"Shaded","section":"Shading Mode"},"sceneLighting":true,"audioPlay":false,"sceneViewState":{"m_AlwaysRefresh":false,"showFog":true,"showSkybox":true,"showFlares":true,"showImageEffects":true,"showParticleSystems":true,"showVisualEffectGraphs":true,"m_FxEnabled":true},"in2DMode":false,"pivot":{"x":0.5374922752380371,"y":-2.8726773262023927,"z":31.653959274291993},"rotation":{"x":-0.04015035182237625,"y":0.04736969992518425,"z":-0.002025899011641741,"w":-0.9981291890144348},"size":20.836008071899415,"orthographic":false}